customerID,gender,phoneNumber,email,firstName,lastName,cardNumber,address,primaryLocation,username,password
1,Male,225-572-8736,fibert0@last.fm,Fonsie,Ibert,3542508890680370,3 Old Shore Circle,4,fibert0,3M2Py6GOZq
2,Female,393-794-0214,agurr1@gmpg.org,Annora,Gurr,,46318 Lake View Terrace,3,agurr1,CVhoKP7
3,Male,966-515-8503,wpickard2@behance.net,Wilbert,Pickard,3571369245165680,,1,wpickard2,TQ5TRcXjar5
4,Female,555-666-0383,atathacott3@slashdot.org,Adeline,Tathacott,2059135287773000,3 Ramsey Crossing,1,atathacott3,VGopRLeoyRo
5,Male,749-540-0655,ascandrett4@histats.com,Allin,Scandrett,,8 Westerfield Parkway,4,ascandrett4,4T0U5jr
6,Female,377-305-8043,aglenwright5@senate.gov,Ann,Glenwright,3584285765356150,27180 Miller Park,4,aglenwright5,aF5lEWUdFQ1
7,Female,994-908-4425,bhaszard6@microsoft.com,Bertina,Haszard,,7 Nancy Hill,3,bhaszard6,MusPg6AyEnxi
8,Male,859-412-0398,slowy7@xing.com,Sandy,Lowy,5048372202714960,5986 Prairieview Avenue,5,slowy7,rX2yDrj556nY
9,Female,250-671-4808,tjoseph8@tinypic.com,Tracy,Joseph,1114644818689000,,2,tjoseph8,u5n9rpQ
10,Male,562-187-4444,bverling9@yellowbook.com,Boone,Verling,3201782715642890,458 Lerdahl Place,5,bverling9,8V5gPJIEEO
11,Female,617-775-8361,brobertota@who.int,Bamby,Robertot,3581430919317110,43 Grover Crossing,3,brobertota,0IsQQC
12,Male,253-202-8902,tduplockb@stumbleupon.com,Tracey,Duplock,3571640001157340,538 Waxwing Circle,1,tduplockb,JWcgMQs
13,,601-461-7124,ssalazarc@freewebs.com,Steve,Salazar,3568991816556270,5747 Thackeray Road,1,ssalazarc,6gCuqNM
14,Female,395-671-5483,jbaswalld@last.fm,Joye,Baswall,5002357323136370,39 School Way,3,jbaswalld,5uXGyF1R
15,Female,929-144-3674,bhewlingse@buzzfeed.com,Bambi,Hewlings,2201841387265320,6 Redwing Hill,1,bhewlingse,Bd3ZO4mNCTy
16,Male,359-223-6204,pjustef@sun.com,Pat,Juste,,224 Dawn Junction,1,pjustef,2wPIPdODWS
17,,624-333-0651,bbulfoyg@craigslist.org,Bree,Bulfoy,3552547246922770,,1,bbulfoyg,pnrtRnup2t
18,Female,183-394-0368,jbrownsmithh@indiatimes.com,Jerrilee,Brownsmith,3587544565621130,89 Mendota Crossing,5,jbrownsmithh,pdBvfX6E
19,Female,967-257-3427,vlawtiei@cbslocal.com,Viv,Lawtie,4423360171759000,897 Lakewood Gardens Junction,4,vlawtiei,9UjLYUscvZ3
20,Other,576-611-7524,mcrackettj@cbc.ca,Mareah,Crackett,4373040035958680,0 Dakota Drive,2,mcrackettj,qDI2nRU
21,Female,633-975-3448,lsilversmidk@webnode.com,Laurella,Silversmid,5602219005352400,81308 Moulton Terrace,2,lsilversmidk,29Z7np
22,Male,,ggonsalol@huffingtonpost.com,Garwin,Gonsalo,,,2,ggonsalol,k67DOO
23,Male,704-347-8026,bsibthorpm@edublogs.org,Bronson,Sibthorp,3563197331995820,0 Butternut Drive,5,bsibthorpm,sv6akR9
24,Male,458-829-4567,gbrambleyn@nhs.uk,Galvan,Brambley,,91640 Sunfield Center,2,gbrambleyn,zKY9kIMAuta
25,Male,484-734-8069,cpoynoro@oracle.com,Christoforo,Poynor,3546810072165290,9 Hagan Circle,1,cpoynoro,LYINSChG9w
26,Male,859-809-7176,wotierneyp@soup.io,Woodman,O'Tierney,5995522951376000,2 Eastwood Plaza,1,wotierneyp,4k669Uxva5q
27,Male,,mmounseyq@kickstarter.com,Mychal,Mounsey,,,1,mmounseyq,ZYD0O70ljpY
28,Male,626-920-1586,qhillandr@va.gov,Quillan,Hilland,5602216343135090,63790 Elgar Circle,3,qhillandr,hJulekU
29,,603-226-8857,egreenshieldss@latimes.com,Errol,Greenshields,,12 Clemons Parkway,5,egreenshieldss,rUOaw291wjBY
30,Male,335-478-5573,rchatterist@squarespace.com,Ronnie,Chatteris,3532059342261460,,4,rchatterist,Eob00Rk
31,Female,374-945-7205,jbillie0@bravesites.com,Janella,Billie,,00805 Donald Center,2,jbillie0,LswIjIeCpNSP
32,,,bmcleoid1@stanford.edu,Berni,McLeoid,5010123960457540,,2,bmcleoid1,ZP4G7XBD
33,Male,,jsandyfirth2@usatoday.com,Jaimie,Sandyfirth,,6 Anhalt Park,1,jsandyfirth2,xRzotfpSUMv
34,Female,449-402-6744,ccund3@buzzfeed.com,Candie,Cund,,4 Vahlen Drive,2,ccund3,Vr1JqcNJPPM
35,Other,,eausello4@mapy.cz,Ethe,Ausello,,,1,eausello4,oQ54peT
36,Female,250-605-4643,jcooley5@cmu.edu,Janella,Cooley,6331105407619060,,,jcooley5,aHMwSv
37,,762-272-8770,rogborne6@hostgator.com,Roby,Ogborne,,367 Johnson Hill,1,rogborne6,ZpmnZi
38,Female,,kbertwistle7@amazon.com,Kissee,Bertwistle,5602228992741860,88221 Hayes Alley,,kbertwistle7,hIfqWtLOVIwQ
39,Male,785-668-3679,kmaciunas8@sogou.com,Kenon,Maciunas,,,3,kmaciunas8,WIZCjI6lO4d
40,Other,,epibworth9@forbes.com,Elvera,Pibworth,,6 Southridge Terrace,,epibworth9,59Czj0Cxh7q9
41,Male,286-453-6181,hkleeweina@google.de,Harwilll,Kleewein,,,4,hkleeweina,OPTAezUaFrvJ
42,Female,,rmulhillb@prlog.org,Rebekah,Mulhill,,,3,rmulhillb,DrUJ55
43,Male,202-858-3687,hangelc@dagondesign.com,Heinrik,Angel,5129305497590990,8 Raven Pass,1,hangelc,md4s8Rh
44,Male,195-472-9943,clauderd@istockphoto.com,Cam,Lauder,,71667 Northridge Circle,5,clauderd,xBvHmjHii
45,Male,349-936-4244,dsweetmoree@sogou.com,Derrek,Sweetmore,3583828153835740,,,dsweetmoree,41Y3pv
46,,556-779-1723,kpepineauxf@csmonitor.com,Kath,Pepineaux,3575221367477160,,,kpepineauxf,DSC0at
47,Male,245-451-6939,dduddeng@naver.com,Derick,Dudden,,5092 Lotheville Way,3,dduddeng,AyPxjiHDi9
48,,140-230-1028,tswindleh@joomla.org,Terza,Swindle,,,1,tswindleh,TJ9amSV
49,Other,,fmcwhirteri@amazon.com,Fairleigh,McWhirter,,0 Ruskin Hill,,fmcwhirteri,aNn30kHPm78
50,Other,768-505-1149,mleilej@acquirethisname.com,Miner,Leile,,8 Gerald Crossing,2,mleilej,ceEnShLPL
51,Female,,urowlingsk@businessweek.com,Ulrica,Rowlings,3545607341301670,64 Sommers Trail,2,urowlingsk,J3wpFmgVw
52,Female,,arickardsl@technorati.com,Ashlee,Rickards,,,,arickardsl,jGKRycN5
53,Male,863-618-6838,mpettigreem@marketwatch.com,Maurie,Pettigree,,9118 Leroy Trail,3,mpettigreem,6em7W5Nl
54,Female,151-586-4184,sbuftonn@linkedin.com,Shay,Bufton,,99662 Sheridan Way,1,sbuftonn,7bQiD7448mB
55,Other,,cbachso@amazon.co.uk,Chan,Bachs,,,2,cbachso,BNWg12nY
56,,,cbradep@ocn.ne.jp,Colman,Brade,3557422934176770,,,cbradep,X5cDRfMtTiGg
57,Male,664-497-4011,ppidwellq@mapquest.com,Prince,Pidwell,,,1,ppidwellq,ZWn4rZe
58,Male,803-917-9197,myashanovr@youku.com,Murvyn,Yashanov,,4530 Prentice Junction,,myashanovr,psEkXn
59,,439-391-7276,bstubbingss@usda.gov,Bettye,Stubbings,,,,bstubbingss,1UqAVTKzP
60,Male,,docarmodyt@cafepress.com,Desmund,O'Carmody,,8837 Bobwhite Road,4,docarmodyt,knE8rZLWC4ee
61,,,epearsu@sun.com,Edee,Pears,5641825055703350,7200 New Castle Circle,,epearsu,JBjPONYYG6dD
62,Female,301-414-8833,tmckelveyv@photobucket.com,Trista,McKelvey,5602210517613390,602 Pleasure Terrace,5,tmckelveyv,MDz0sI
63,,,tcoplestonew@comsenz.com,Tobias,Coplestone,,,1,tcoplestonew,xyFY1rz1nN4
64,Female,653-809-8385,neliesx@psu.edu,Ninnette,Elies,,,5,neliesx,kcgkxc4
65,Female,491-930-6951,iposselly@walmart.com,Imogen,Possell,3551097650899800,97 Reinke Way,,iposselly,DnHDNmn
66,Male,,mcorderz@imdb.com,Mal,Corder,,,3,mcorderz,pfczv0XP
67,,,idanks10@jalbum.net,Idalia,Danks,,,2,idanks10,IL1ZSBfv4uz
68,Male,961-468-3330,mavramovsky11@howstuffworks.com,Mattie,Avramovsky,3574358849985650,4 3rd Center,3,mavramovsky11,BvtME5Ckt
69,Female,163-953-8100,tsamwaye12@cisco.com,Tarah,Samwaye,,8 Mitchell Avenue,4,tsamwaye12,Q8sOz7Sfn
70,Male,931-354-8523,ablouet13@qq.com,Averill,Blouet,3561283393567000,,3,ablouet13,08KlYTwiKU7T
71,Male,,jollerenshaw14@telegraph.co.uk,Jess,Ollerenshaw,3554400172448620,10825 Linden Road,3,jollerenshaw14,vB2RbqcXaC
72,Other,805-370-5496,vofearguise15@cmu.edu,Veronike,O'Fearguise,3528354678119790,,5,vofearguise15,nvTLjllxgo
73,,333-805-3153,iabramowitz16@unc.edu,Issy,Abramowitz,,,1,iabramowitz16,AlRbPfCBNp
74,Female,491-256-9759,lsharrier17@typepad.com,Ludovika,Sharrier,,45 Darwin Trail,5,lsharrier17,KITgrE3k0I2
75,Other,,ddefreyne18@va.gov,Doro,De Freyne,3545507728457480,,5,ddefreyne18,NbOSyJ28mN
76,,809-747-9014,vsummerlee19@imgur.com,Valentin,Summerlee,,8 Sunfield Parkway,3,vsummerlee19,4okg07ppIb
77,Female,356-242-4063,mlissandrini1a@vk.com,Miriam,Lissandrini,374283940863038,39 5th Crossing,3,mlissandrini1a,iG6KmOjGbW
78,,739-369-6356,grasor1b@biblegateway.com,Gaby,Rasor,3588603555277390,422 Graceland Place,,grasor1b,Tk9kDj
79,Female,331-408-7928,iscorey1c@dot.gov,Ilene,Scorey,3572987151963800,17 Dovetail Crossing,5,iscorey1c,WASOwn19xiqy
80,Male,,gcrowhurst1d@chronoengine.com,Gareth,Crowhurst,,,2,gcrowhurst1d,QdtLcx
81,Female,,broncelli1e@businesswire.com,Brenna,Roncelli,5602222605246710,4554 West Way,4,broncelli1e,HZMvKK0
82,Male,,mbreslane1f@jalbum.net,Mikey,Breslane,,77 Kedzie Circle,3,mbreslane1f,B7lhlO2G
83,Other,301-623-8173,dgough1g@independent.co.uk,Dare,Gough,,08 Amoth Pass,,dgough1g,a8wt2EgAo
84,Female,200-781-4898,lstubley1h@army.mil,Larissa,Stubley,501880986674686000,69 Kropf Park,4,lstubley1h,exY7H4l
85,Male,,kmarcam1i@google.cn,Kristopher,Marcam,,20 Laurel Junction,,kmarcam1i,SSXI0T
86,Other,840-387-2200,eings1j@naver.com,Elonore,Ings,,168 Division Trail,5,eings1j,XQe5aVt
87,Female,,ttann1k@creativecommons.org,Tabbi,Tann,,,5,ttann1k,E4G38J
88,Other,239-378-3394,agawne1l@cisco.com,Abbey,Gawne,67097950613539000,,2,agawne1l,uTMOfmTh7
89,,205-906-1517,nparsisson1m@constantcontact.com,Neddy,Parsisson,4017959891530010,,3,nparsisson1m,bEYUOAnwNIJG
90,Male,,jworms1n@weather.com,Jodi,Worms,,4731 North Terrace,,jworms1n,5lpJb2cYmWn
91,,833-273-4152,imcinerney1o@icq.com,Irma,McInerney,,9881 Chinook Drive,3,imcinerney1o,eNXPaZYu4rJ
92,,,peaton1p@discuz.net,Patrizia,Eaton,,,,peaton1p,G1Apyh6YGk
93,Male,864-972-3288,ejaskiewicz1q@reuters.com,Ezechiel,Jaskiewicz,,0 Pond Parkway,1,ejaskiewicz1q,XpYRwjV
94,Male,,mferriday1r@google.cn,Maynord,Ferriday,,,5,mferriday1r,5jAZDq
95,Male,,hgabbot1s@indiegogo.com,Haydon,Gabbot,201417452353165,2 Artisan Court,,hgabbot1s,BzIp6Rtdksy2
96,,,lwaldocke1t@yale.edu,Lisette,Waldocke,,5 Butterfield Park,,lwaldocke1t,UYOixj
97,Female,610-144-3304,whatzar1u@unesco.org,Wally,Hatzar,,,3,whatzar1u,pkOodU8Xqlkv
98,Male,,hmaccahee1v@usda.gov,Ham,MacCahee,3547522245034410,,2,hmaccahee1v,xmvH5eCZC3
99,,,llennie1w@comcast.net,Leif,Lennie,,,1,llennie1w,dftioxOsA
100,Male,,sbilby1x@hhs.gov,Scotti,Bilby,,34 Dixon Way,2,sbilby1x,kRuq5pDnL
101,Female,,dscothorne1y@ow.ly,Dania,Scothorne,491112910579685000,,1,dscothorne1y,e9shX4gKe0
102,,,amcdonagh1z@tinypic.com,Aurie,McDonagh,3564935395432790,,1,amcdonagh1z,6rrvZUhR3
103,,,phughland20@dagondesign.com,Pennie,Hughland,5100176331051450,,1,phughland20,XKZtC0U
104,Female,810-571-9670,smaccolgan21@exblog.jp,Susann,MacColgan,,,2,smaccolgan21,OJcepSqq92N7
105,,338-485-6619,jdaintree22@cornell.edu,Jeremy,Daintree,,0 Prentice Crossing,1,jdaintree22,wQoLey
106,Male,813-488-2962,fludovico23@timesonline.co.uk,Frazier,Ludovico,5010126720392750,,,fludovico23,r6fCsUOoYp
107,Male,,dgalpin24@free.fr,Dewain,Galpin,,,5,dgalpin24,YM8j0G1ubZZ
108,Other,851-948-0778,lglaysher25@sbwire.com,Leeann,Glaysher,,189 Portage Drive,1,lglaysher25,MtP6Ga8
109,Male,,kcherrison26@time.com,Kelly,Cherrison,,014 Northfield Lane,,kcherrison26,vk3UyA4tUUgo
110,Other,,pclixby27@businessweek.com,Price,Clixby,4913082525954110,,,pclixby27,tFaBVBcxvS
111,Other,853-265-9093,delcom28@alexa.com,Demetra,Elcom,,,1,delcom28,Rp7nSYlYP
112,Female,,ajemmison29@e-recht24.de,Allene,Jemmison,,,,ajemmison29,K150GvCRNxr
113,,,gmeaney2a@cargocollective.com,Graehme,Meaney,4026743412483580,,5,gmeaney2a,0OL7X8vk3iJ
114,Female,,jbortolussi2b@apache.org,Jena,Bortolussi,,,,jbortolussi2b,5CcaYzy8hc
115,Female,594-936-9624,ajordi2c@bing.com,Agnese,Jordi,,02655 Main Drive,,ajordi2c,TXsR2NlTd3Ni
116,Male,539-541-1339,hmarcussen2d@spiegel.de,Halsy,Marcussen,5020757852780600,,1,hmarcussen2d,COdXXpHYU
117,Male,,ipeeter2e@paypal.com,Ichabod,Peeter,,1936 Lien Circle,3,ipeeter2e,y1yuZxm6MMe
118,Other,,dmacneilley2f@webeden.co.uk,Drucie,MacNeilley,372046940003380,95877 Laurel Junction,1,dmacneilley2f,V8FVr7WcwyvY
119,Male,,golekhov2g@huffingtonpost.com,Grover,Olekhov,,,4,golekhov2g,PDksGRo
120,,325-788-8716,eboniface2h@pcworld.com,Eugene,Boniface,633424088646723000,9 6th Court,,eboniface2h,PjrHcq
